Criteria Name;Target Size;Benchmark Size;Target Penetration;Benchmark Penetration;Score
Accomodation & Real Estate;238248;6039060;0.7426683291770574;0.7742384615384615;77
Action and Adventure Movies;140098;7285780;0.436714463840399;0.934074358974359;0
Action movies;98866;2318440;0.3081857855361596;0.29723589743589746;64
Adrenaline;231588;6193042;0.7219077306733167;0.7939797435897435;66
Advancement;109247;2540457;0.34054551122194515;0.3256996153846154;68
Adventure;207626;4598551;0.647213216957606;0.5895578205128205;89
Adventure games;52780;1344987;0.16452618453865336;0.17243423076923076;32
Adventure movies;27627;681684;0.08611907730673317;0.08739538461538461;30
Aging;44107;1244616;0.13749064837905237;0.15956615384615386;11
Agriculture;207519;4384835;0.6468796758104738;0.5621583333333333;90
Airline companies;74320;1607952;0.23167082294264338;0.2061476923076923;70
Alcoholic drinks;161520;3982959;0.5034912718204488;0.5106357692307693;69
All Media;234152;6641214;0.7299002493765586;0.8514376923076923;49
Alternative diet;135307;3698824;0.42177992518703245;0.4742082051282051;38
American cars;252190;3608873;0.7861284289276808;0.46267602564102567;99
American football team;2915;82108;0.009086658354114712;0.010526666666666667;7
Ancestor;4529;122571;0.01411783042394015;0.01571423076923077;10
Android;202959;5089284;0.6326652119700749;0.6524723076923077;74
Anniversary;33870;927381;0.10557980049875312;0.118895;13
Apartment;216643;4571754;0.675321072319202;0.5861223076923077;91
Architecture;238571;5190834;0.743675187032419;0.6654915384615384;91
Art Deco;13256;320645;0.041321695760598506;0.04110833333333333;28
Art Events;82121;2246422;0.25598815461346636;0.2880028205128205;25
Art exhibition;101301;2782781;0.31577618453865336;0.35676679487179486;30
Art marketplace;18288;422667;0.0570074812967581;0.05418807692307692;37
Asian cars;251578;4348167;0.7842206982543641;0.5574573076923077;98
Athletic sport;116432;3056279;0.3629426433915212;0.391830641025641;43
Audio;195474;4065754;0.6093329177057356;0.5212505128205128;90
Audio & Sound;133025;3017162;0.41466645885286785;0.38681564102564103;76
Audiobook;18486;513537;0.05762468827930175;0.06583807692307693;9
Automotive;193047;3248763;0.6017674563591022;0.4165080769230769;96
Aviation;118137;2527333;0.3682574812967581;0.32401705128205127;80
Baby;122763;3672347;0.38267768079800496;0.47081371794871796;14
Baby food;44621;1341834;0.1390928927680798;0.17203;5
Bags;152843;4217363;0.4764432668329177;0.5406875641025641;39
Banking;52255;910877;0.16288965087281795;0.11677910256410257;86
Baseball;37463;991272;0.11677992518703242;0.12708615384615385;20
Baseball team;2649;68160;0.008257481296758105;0.008738461538461539;14
Basketball;92632;2210577;0.28875311720698255;0.2834073076923077;60
Basketball club;6118;148401;0.019071072319201996;0.01902576923076923;24
Basketball players;1025;33432;0.003195137157107232;0.004286153846153846;1
Beauty & Personal care;224195;6659715;0.6988622194513716;0.8538096153846154;34
Beer;117528;2739704;0.366359102244389;0.35124410256410254;70
Belgian Media;101636;2567441;0.31682044887780547;0.3291591025641026;48
Belgium;113936;2810248;0.3551620947630923;0.36028820512820514;58
Birth;108577;2971138;0.33845698254364087;0.3809151282051282;32
Birthday;67738;1747135;0.21115336658354114;0.22399166666666667;34
Blog/Forum;87997;2200628;0.2743048628428928;0.28213179487179485;45
Board games;107968;2855052;0.3365586034912718;0.3660323076923077;38
Boho-chic Fashion;21812;684833;0.0679925187032419;0.08779910256410256;2
Book;135063;3915155;0.4210193266832918;0.5019429487179488;24
Boxing;55324;1347264;0.17245635910224438;0.17272615384615383;40
Business Accounting & Finance;4374;82399;0.013634663341645885;0.01056397435897436;65
Business Networker;22048;478749;0.06872817955112219;0.061378076923076924;49
Business School;78619;1775885;0.2450716957605985;0.2276775641025641;65
Businessman;12152;245730;0.03788029925187032;0.03150384615384615;58
Cabrios/Roadsters;20871;328186;0.06505922693266833;0.0420751282051282;88
Cameras and photos;95715;2263374;0.2983634663341646;0.29017615384615386;62
Camping;180092;4074777;0.5613840399002494;0.5224073076923077;83
Candies & snacks;115366;3263700;0.35961970074812966;0.4184230769230769;26
Car equipment;156118;2521985;0.4866521197007481;0.32333141025641027;96
Car renting;2272;54156;0.007082294264339152;0.006943076923076923;25
Car sharing;23069;441507;0.07191084788029925;0.05660346153846154;70
Card games;69419;1974282;0.21639339152119702;0.25311307692307694;15
Career development;133663;3352548;0.41665523690773065;0.42981384615384616;60
Cartoons & animated movies;127087;3281267;0.3961564837905237;0.42067525641025644;50
Casual clothing;89457;2873379;0.2788559850374065;0.3683819230769231;3
Celebrations days;97404;2631055;0.30362842892768077;0.3373147435897436;33
Celebrities;108242;2858023;0.33741271820448876;0.36641320512820513;39
Charity and causes;118076;3074100;0.36806733167082295;0.3941153846153846;45
Cheap & Discount;216261;4461992;0.6741302992518703;0.5720502564102564;92
Chefs;8548;256189;0.026645885286783043;0.03284474358974359;4
Chemicals;90261;1623318;0.2813622194513716;0.2081176923076923;90
Chocolate;100205;2770901;0.3123597256857855;0.35524371794871795;28
Cinema & Movie Companies;73627;2154350;0.22951059850374064;0.276198717948718;11
Cinematographic exploitation;30123;786366;0.0938996259351621;0.10081615384615385;21
Classical music;82364;2358547;0.2567456359102244;0.3023778205128205;16
Climate;34421;748723;0.10729738154613466;0.0959901282051282;55
Club/Federation;140029;7285175;0.4364993765586035;0.9339967948717949;0
Cocktails;83937;2010019;0.2616490024937656;0.2576947435897436;55
Coffee;164899;4348046;0.5140243142144638;0.5574417948717949;56
Collector;47173;1159169;0.14704800498753118;0.14861141025641025;37
Comedians & Actors;51315;1434654;0.15995947630922694;0.18393;14
Comedy;131867;3552048;0.4110567331670823;0.4553907692307692;40
Comics;80172;2334787;0.24991271820448877;0.29933166666666666;13
Communication;118015;2963954;0.3678771820448878;0.37999410256410254;55
Computer;232864;5565998;0.7258852867830424;0.7135894871794872;83
Computer Game Distribution Service;25758;568799;0.0802930174563591;0.07292294871794872;47
Conceptual art;11922;309205;0.037163341645885285;0.039641666666666665;16
Connectivity;235186;6650340;0.7331234413965088;0.8526076923076923;50
Console gaming;101301;2454325;0.31577618453865336;0.3146570512820513;59
Consulting;57074;1323397;0.17791147132169577;0.16966628205128206;51
Consumer Experience;123435;2584754;0.3847724438902743;0.3313787179487179;82
Contemporary culture;122459;3450076;0.3817300498753117;0.4423174358974359;29
Country music;48899;1241845;0.15242830423940149;0.15921089743589745;31
Coupe;185806;2956991;0.5791957605985038;0.37910141025641025;97
Credit;1196;25447;0.0037281795511221946;0.0032624358974358975;42
Credit Cards;3746;64322;0.011677057356608478;0.008246410256410257;76
Credit card;9690;165820;0.03020573566084788;0.02125897435897436;77
Cricket;20021;589388;0.06240960099750623;0.07556256410256411;5
Crossfit;68807;1876386;0.2144856608478803;0.2405623076923077;23
Cruelty-free;84374;2380327;0.26301122194513715;0.30517012820512823;20
Cryptography;37823;795206;0.11790211970074813;0.10194948717948718;63
Cubism;4083;127636;0.012727556109725686;0.016363589743589743;2
Culture;218321;5863175;0.6805517456359103;0.7516891025641026;63
Cyberpunk;7790;175619;0.024283042394014964;0.02251525641025641;36
Cycling;226889;4662186;0.7072599750623442;0.5977161538461538;93
DC Universe;22761;608807;0.0709507481296758;0.07805217948717949;15
Dance & Pop music;108272;3077323;0.3375062344139651;0.39452858974358973;23
Darts;34550;747981;0.1076995012468828;0.095895;57
Dating;13455;258589;0.04194201995012469;0.0331524358974359;67
Decorative Art;116828;2951084;0.3641770573566085;0.37834410256410256;53
Defense/Military;33058;728120;0.10304862842892767;0.09334871794871795;52
Delivery services;92898;2363244;0.2895822942643392;0.30298;44
Department store;140147;4079751;0.43686720698254367;0.523045;23
Designer;88636;2536013;0.27629675810473814;0.3251298717948718;18
Desserts;149737;4183703;0.46676122194513714;0.5363721794871795;36
Diary;7839;231343;0.0244357855361596;0.029659358974358976;4
Digital Art;18455;483384;0.05752805486284289;0.061972307692307695;17
Discrimination, Rights & Freedom;55609;1154659;0.17334476309226932;0.14803320512820514;71
Disney;105259;2387741;0.3281140897755611;0.306120641025641;72
Dj's;29195;835047;0.0910068578553616;0.10705730769230769;8
Do it yourself;240343;6483085;0.7491988778054863;0.8311647435897436;66
Documentary;93172;2366214;0.2904364089775561;0.3033607692307692;44
Drama;104497;2817432;0.32573877805486284;0.3612092307692308;35
Drama movies;77006;2190981;0.24004364089775562;0.280895;17
Drugs;60863;1441382;0.18972256857855363;0.18479256410256412;48
E-commerce;231607;6512371;0.7219669576059851;0.834919358974359;51
EU and International Political stakeholders;10479;281834;0.03266521197007481;0.0361325641025641;11
Economy;203169;3920899;0.633319825436409;0.502679358974359;95
Economy & budget;114210;2484763;0.35601620947630924;0.318559358974359;78
Electric cars;162389;2621824;0.5062001246882794;0.33613128205128207;96
Electro music;117436;3067170;0.366072319201995;0.3932269230769231;44
Energy;264207;4991555;0.8235879052369077;0.6399429487179488;96
Energy Policy;53226;923478;0.16591645885286782;0.11839461538461539;87
Energy drinks;39428;883560;0.12290523690773067;0.11327692307692308;51
Energy provider;8287;152372;0.025832294264339153;0.019534871794871796;70
Engineering;219800;3961303;0.6851620947630923;0.507859358974359;95
Entertainement;2703;60384;0.008425810473815461;0.007741538461538461;35
Entrepreneurship;235483;5376342;0.7340492518703242;0.6892746153846154;89
Environment;10355;271815;0.0322786783042394;0.034848076923076926;14
Equestrian sports;132507;3230522;0.41305174563591024;0.4141694871794872;66
Estate Cars;188371;2984255;0.5871913965087282;0.3825967948717949;98
Ethical Food;157074;4482205;0.4896321695760599;0.5746416666666667;33
European cars;259070;5478140;0.807574812967581;0.702325641025641;94
Exclusive cars;253136;3723613;0.7890773067331671;0.47738628205128203;99
Expressionism;11156;297605;0.03477556109725686;0.03815448717948718;12
Extreme sport;113266;2584018;0.353073566084788;0.331284358974359;72
F1;175403;3804986;0.5467674563591023;0.48781871794871795;88
Fake News;9375;286028;0.029223815461346635;0.03667025641025641;3
Family;220369;5562098;0.6869357855361596;0.7130894871794872;76
Family Events;144136;3904011;0.44930174563591024;0.5005142307692307;41
Family members;179883;4140919;0.5607325436408978;0.5308870512820513;81
Family tree;4525;122748;0.014105361596009974;0.015736923076923075;9
Farmers;1371;33070;0.004273690773067332;0.00423974358974359;23
Fashion Accessories;231345;6829211;0.7211502493765586;0.8755398717948718;36
Fashion Events;27175;729172;0.08471009975062344;0.09348358974358974;15
Fast food;152873;4108208;0.476536783042394;0.5266933333333333;45
Fiancé/Fiancée;48308;1285315;0.15058603491271821;0.16478397435897435;22
Fighting Games;13803;326663;0.043026807980049875;0.04187987179487179;32
Fighting sport;101941;2461255;0.3177711970074813;0.3155455128205128;60
Film events;25422;705769;0.07924563591022443;0.09048320512820512;10
Finance;78674;1488627;0.2452431421446384;0.1908496153846154;84
Fine Art;119354;3087960;0.3720511221945137;0.3958923076923077;46
First-Person Shooters;58437;1296553;0.18216022443890276;0.1662247435897436;61
Fish and seafood;114149;2703073;0.3558260598503741;0.3465478205128205;67
Fitness sport;232816;6310270;0.7257356608478803;0.8090089743589743;63
Folk Music;38578;1144763;0.12025561097256858;0.14676448717948717;6
Food retailer;195179;3850379;0.6084133416458853;0.49363833333333335;94
Football league;85686;2159481;0.2671009975062344;0.27685653846153846;43
Football players;33513;933568;0.10446695760598504;0.11968820512820513;11
Foreign policy;13048;288161;0.04067331670822943;0.036943717948717945;41
Fragrance;150803;4304738;0.4700841645885287;0.5518894871794872;31
Freelancer;114306;2395916;0.35631546134663344;0.307168717948718;81
French Media;28885;670304;0.09004052369077306;0.08593641025641026;39
Frozen foods;36362;752847;0.11334788029925187;0.09651884615384615;65
Fruit Juice;20776;543490;0.06476309226932668;0.06967820512820513;18
Fruits & vegetables;110525;2882773;0.3445293017456359;0.3695862820512821;43
Fuel Type - Diesel;35531;601921;0.11075748129675811;0.07716935897435898;85
Fuel Type - Electricity;273097;4431713;0.8512998753117207;0.5681683333333334;99
Fuel Type - Fuel Cell;1118;23793;0.0034850374064837905;0.0030503846153846154;42
Fuel Type - Hybrid/HEV;250578;3381883;0.7811034912718204;0.43357474358974357;100
Fuel Type - Natural Gas;44487;789259;0.13867518703241896;0.10118705128205129;82
Fuel Type - Petrol;26873;469178;0.08376870324189527;0.06015102564102564;80
Fuel Type - Plugin;160862;2525997;0.5014401496259352;0.32384576923076924;97
Fuel provider;23819;416953;0.07424875311720698;0.05345551282051282;79
Furnishing;237717;6566298;0.7410130922693267;0.841833076923077;59
Game Creation;1561;39983;0.0048659600997506235;0.005126025641025641;15
Game News;9349;202870;0.0291427680798005;0.026008974358974358;43
Gemstone;65147;1805107;0.20307668329177056;0.23142397435897435;19
German media;5258;125363;0.016390274314214463;0.016072179487179487;27
Germany;5260;125274;0.016396508728179552;0.01606076923076923;27
Glasses & Sunglasses;93446;2243815;0.2912905236907731;0.2876685897435897;58
Global Clothing;189666;4333645;0.5912281795511222;0.5555955128205128;83
Global jewelry;186960;4628915;0.5827930174563591;0.593450641025641;74
Goal SD/UN 10 - Reduced Inequalities;37950;789261;0.11829800498753117;0.10118730769230769;65
Goal SD/UN 12 - Responsible consumption;148338;3621096;0.4624002493765586;0.4642430769230769;69
Goal SD/UN 13 - Climate action;34421;748723;0.10729738154613466;0.0959901282051282;55
Goal SD/UN 14 - Life below water;14233;317105;0.04436720698254364;0.04065448717948718;40
Goal SD/UN 15 - Life on land;117863;2852819;0.36740336658354117;0.36574602564102565;64
Goal SD/UN 16 - Peace & Justice;128579;2620694;0.4008073566084788;0.33598641025641024;87
Goal SD/UN 2 - Zero Hunger;14708;379234;0.04584788029925187;0.04861974358974359;18
Goal SD/UN 3 - Good health & well-being;28721;641070;0.0895293017456359;0.08218846153846154;46
Goal SD/UN 6 - Clean water & sanitation;17476;355165;0.05447630922693267;0.04553397435897436;60
Goal SD/UN 7 - Affordable & clean energy;268309;4495844;0.8363746882793017;0.5763902564102564;99
Goal SD/UN 9 - Industry, Innovation;225722;4013571;0.7036221945137157;0.5145603846153847;96
Golf;136191;2832512;0.424535536159601;0.3631425641025641;85
Gossip;1327;35110;0.0041365336658354115;0.004501282051282051;10
Goth Fashion;7965;214904;0.0248285536159601;0.027551794871794873;10
Gourmet food;165630;4355966;0.5163029925187033;0.5584571794871794;57
Graduation;6768;202367;0.02109725685785536;0.02594448717948718;3
Green Politics;193823;3785669;0.6041864089775562;0.4853421794871795;94
Hair;115335;3372855;0.35952306733167083;0.4324173076923077;18
Handball;10690;261402;0.03332294264339152;0.03351307692307692;25
Hatchback Cars;202255;3415360;0.6304706982543641;0.4378666666666667;97
Hats;101294;1965059;0.3157543640897756;0.251930641025641;87
Headphones & speakers;107877;2525607;0.33627493765586036;0.32379576923076925;67
Health;214440;5403387;0.6684538653366584;0.6927419230769231;75
Health Insurance;1284;26568;0.004002493765586035;0.003406153846153846;46
Healthy Food;146937;4043857;0.458033042394015;0.5184432051282051;38
High buying power;139297;2866173;0.43421758104738156;0.3674580769230769;88
Hip Hop Fashion;15056;405152;0.04693266832917706;0.0519425641025641;12
Historical movies;10291;290619;0.032079177057356606;0.037258846153846156;7
History;195850;4069073;0.6105049875311721;0.5216760256410257;90
Hockey;32095;699378;0.10004675810473815;0.08966384615384615;54
Holiday;218932;5123881;0.6824563591022443;0.6569078205128205;84
Home appliances;236959;6453218;0.7386502493765587;0.827335641025641;62
Honor living & dead;229063;6383527;0.714036783042394;0.8184008974358974;54
Horror;68313;1867884;0.21294576059850373;0.23947230769230768;22
Horror Games;5769;138358;0.017983167082294263;0.017738205128205127;26
Hotels;226203;5719979;0.7051215710723192;0.733330641025641;76
House;239068;5620755;0.7452244389027431;0.7206096153846154;86
Household  products;93176;2115202;0.2904488778054863;0.2711797435897436;68
Humor;150011;4186673;0.46761533665835414;0.5367529487179488;36
Hunting and fishing;96525;2117670;0.3008884039900249;0.27149615384615383;74
Hygiene;56246;1230324;0.17533042394014964;0.15773384615384614;63
Independent movies;23812;628176;0.07422693266832918;0.08053538461538462;17
Industries;11407;391282;0.035557980049875315;0.050164358974358975;1
Innovation;221518;4402010;0.6905174563591022;0.5643602564102564;95
Instant messaging;56936;1298213;0.17748129675810473;0.1664375641025641;56
Insurance;3275;65249;0.010208852867830425;0.00836525641025641;56
Intergovernmental Organization;130894;2775091;0.4080236907730673;0.3557808974358974;82
Investment;224439;4534172;0.6996228179551122;0.5813041025641026;94
Italy;4811;114642;0.014996882793017457;0.014697692307692307;27
JRPG;5458;137124;0.01701371571072319;0.01758;19
Jazz Music;62057;1823093;0.19344451371571073;0.23372987179487179;9
Jewelry;214547;5617103;0.6687874064837905;0.7201414102564102;68
Job and Market Labour;193023;3937740;0.6016926433915212;0.5048384615384616;91
Justice & Law;125779;2719650;0.3920791770573566;0.3486730769230769;80
Large enterprises (500+ employees);32114;840834;0.10010598503740649;0.10779923076923077;21
Latin music;34516;1060633;0.10759351620947631;0.13597858974358976;4
Leasing;64486;1124272;0.20101620947630922;0.14413743589743588;89
Left-wing politics;62543;1278455;0.19495947630922694;0.1639044871794872;75
Life moments;142462;3666890;0.44408354114713217;0.4701141025641026;57
Life relationship;228660;5954436;0.7127805486284289;0.7633892307692308;71
Lingerie;90949;2780064;0.2835068578553616;0.3564184615384615;8
Liquors & spirits;65148;1472886;0.20307980049875313;0.18883153846153847;60
Literature;71307;1711992;0.2222786783042394;0.21948615384615386;49
Lottery;59289;1393764;0.18481608478802994;0.1786876923076923;50
Low-calorie;21618;535755;0.06738778054862843;0.06868653846153847;27
Luxury clothing;154760;4566609;0.48241895261845386;0.5854626923076923;23
Luxury goods;246037;5895035;0.7669482543640898;0.755773717948718;84
Luxury watches;140727;3319624;0.438675187032419;0.4255928205128205;73
MPV Cars;52045;852201;0.1622350374064838;0.10925653846153846;90
Magazine;225163;5604410;0.7018796758104738;0.7185141025641025;78
Make-up;44634;1552081;0.13913341645885285;0.19898474358974358;1
Management;202148;4124659;0.630137157107232;0.5288024358974359;92
Manga;58013;1732873;0.18083852867830424;0.22216320512820512;7
Marvel;32991;936891;0.10283977556109726;0.12011423076923076;9
Masters / Icons;39392;1075036;0.12279301745635911;0.1378251282051282;16
Material;3827;65798;0.011929551122194513;0.008435641025641026;75
Meat;137225;3391159;0.42775872817955113;0.43476397435897435;64
Media Types;224780;5494648;0.7006857855361596;0.7044420512820513;79
Medical Education;19290;433759;0.060130922693266836;0.05561012820512821;41
Medicine/Diseases;26856;712506;0.08371571072319202;0.09134692307692308;17
Meditation;123555;3461957;0.38514650872817957;0.443840641025641;30
Medium enterprises (101-500 employees);1021;33610;0.003182668329177057;0.004308974358974359;1
Men's Shoes and Footwear;23272;690328;0.07254364089775561;0.08850358974358974;5
Men's clothing;95334;2499130;0.29717581047381547;0.32040128205128204;37
Metal music;70246;1946179;0.2189713216957606;0.24951012820512822;20
Microsoft;36282;735496;0.11309850374064838;0.09429435897435898;68
Milestone;142949;3234229;0.44560162094763095;0.41464474358974357;78
Milk and substitutes;9013;176419;0.028095386533665834;0.022617820512820512;61
Mobile and TV operators;51805;1058462;0.1614869077306733;0.1357002564102564;72
Mobile app;216917;5957174;0.676175187032419;0.7637402564102564;57
Mobility;250743;6042960;0.7816178304239402;0.7747384615384615;84
Money & Currency;109660;2135777;0.34183291770573565;0.2738175641025641;88
Money games;125626;2936971;0.3916022443890274;0.3765347435897436;71
MotoGP;91066;1907842;0.2838715710723192;0.24459512820512821;77
Motorcycles;68277;1453036;0.21283354114713218;0.18628666666666666;71
Motorcycles and scooters;270297;4726153;0.8425716957605985;0.6059170512820513;98
Movies;216347;5845753;0.6743983790523691;0.7494555128205128;61
Museum;123799;3245626;0.3859071072319202;0.41610589743589743;45
Music Instruments;93233;2476359;0.2906265586034913;0.3174819230769231;35
Music events;189880;4761077;0.5918952618453865;0.6103944871794872;72
Music magazine;4470;104244;0.013933915211970075;0.013364615384615385;30
Musical movies;15885;408532;0.049516832917705735;0.052375897435897434;19
Mythology;7511;215032;0.023413341645885287;0.02756820512820513;6
Nails;61877;2026604;0.19288341645885287;0.25982102564102566;2
National Political stakeholders;60873;1414569;0.18975374064837905;0.181355;53
Nature;6278;1047743;0.019569825436408977;0.13432602564102564;0
Nautic sport;94315;1999339;0.2939993765586035;0.2563255128205128;77
Netflix;13021;321064;0.040589152119700746;0.04116205128205128;24
New active business;33772;858178;0.10527431421446384;0.11002282051282052;26
News/Online News;195118;4381765;0.6082231920199501;0.5617647435897436;85
Nightlife;161611;4312405;0.5037749376558603;0.5528724358974358;51
Nintendo;60900;1502930;0.18983790523690772;0.19268333333333335;39
Non-profit organization;112230;3010739;0.3498441396508728;0.3859921794871795;37
Novels;31993;893960;0.0997288029925187;0.1146102564102564;10
Occult Sciences;34842;992632;0.10860972568578553;0.12726051282051282;9
Older age;55709;1186910;0.1736564837905237;0.15216794871794873;67
Olympic games;27675;790147;0.08626870324189526;0.10130089743589743;8
Online;233238;7058690;0.7270511221945137;0.9049602564102565;29
Online gaming;221973;5682645;0.6919357855361596;0.7285442307692308;73
Online media;233420;6953906;0.7276184538653366;0.8915264102564102;34
Online security;6655;144369;0.02074501246882793;0.018508846153846154;41
Organic;140635;3647090;0.43838840399002493;0.46757564102564103;53
Page admins;146418;4585673;0.4564152119700748;0.5879067948717949;8
Painting;120389;3318151;0.3752774314214464;0.42540397435897437;34
Parade;667;23833;0.0020791770573566084;0.0030555128205128207;0
Parenting;197689;4936381;0.6162375311720698;0.6328693589743589;74
Performing Art;12957;276633;0.040389650872817956;0.03546576923076923;47
Personal development;224981;5709194;0.7013123441396508;0.7319479487179488;75
Personality traits;226472;5509582;0.7059600997506235;0.7063566666666666;81
Pharmaceutical companies;1530;57278;0.00476932668329177;0.007343333333333334;0
Photography;221523;5997826;0.6905330423940149;0.7689520512820512;61
Pick-ups;81685;1331937;0.2546290523690773;0.17076115384615384;93
Plastic;1944;53721;0.006059850374064838;0.006887307692307693;7
Platform Games;19744;475787;0.06154613466334165;0.060998333333333335;30
PlayStation;62244;1450603;0.19402743142144638;0.18597474358974359;52
Police story;20463;489605;0.06378740648379053;0.0627698717948718;32
Political awareness;26151;592588;0.08151807980049876;0.07597282051282052;43
Pop rock;50879;1402323;0.1586003740648379;0.179785;17
Popular music;114878;3367905;0.3580985037406484;0.4317826923076923;18
Pregnancy;10606;296967;0.03306109725685785;0.03807269230769231;7
Premium;242795;5121725;0.7568422693266833;0.6566314102564103;93
Prepared meals;6268;162470;0.01953865336658354;0.02082948717948718;15
Prevention;42950;818975;0.13388403990024939;0.10499679487179488;77
Professional cars;73903;1195153;0.2303709476309227;0.15322474358974358;92
Programming;124683;2707770;0.3886627182044888;0.34715;79
Public Administration stakeholders;1157;32513;0.0036066084788029923;0.004168333333333333;6
Public Policy;211017;4734861;0.6577836658354115;0.6070334615384615;88
Public transport;229744;3729917;0.7161596009975062;0.4781944871794872;98
Punk Fashion;2991;78558;0.00932356608478803;0.010071538461538462;12
Racers;51526;1082089;0.16061720698254364;0.13872935897435898;68
Racing Games;69992;1446641;0.2181795511221945;0.18546679487179488;75
Radio;104193;2595161;0.32479114713216956;0.3327129487179487;52
Rally sport;166788;3492624;0.5199127182044888;0.4477723076923077;89
Rap Music;31936;970439;0.09955112219451372;0.12441525641025641;4
Reading & Writing;227847;6479185;0.710246259351621;0.8306647435897436;46
Reading style;131044;3871594;0.40849127182044886;0.4963582051282051;19
Real estate;232925;5034612;0.7260754364089775;0.6454630769230769;91
Recording;54188;1226410;0.1689152119700748;0.15723205128205128;56
Reggae Music;20569;516298;0.06411783042394015;0.06619205128205129;24
Remodeling & Construction;41786;762685;0.13025561097256858;0.0977801282051282;80
Renewable energy;198572;3837150;0.6189900249376559;0.4919423076923077;94
Renting;142523;3120124;0.44427369077306733;0.40001589743589744;81
Restaurants;163712;4335175;0.5103241895261845;0.5557916666666667;54
Retailer;235737;6442432;0.7348410224438903;0.8259528205128205;61
Retired;44594;958205;0.13900872817955112;0.12284679487179487;62
Retirement;59748;1298474;0.18624688279301746;0.16647102564102564;65
Rhythm & Blues music;67132;1844054;0.2092643391521197;0.2364171794871795;21
Right politics;234912;5264921;0.7322693266832918;0.6749898717948718;89
Rnb;43400;1193312;0.13528678304239403;0.15298871794871796;16
Rock & Roll music;52820;1485467;0.16465087281795512;0.19044448717948717;13
Rock music;132993;3783229;0.41456670822942643;0.48502935897435895;29
Romance;8164;258326;0.025448877805486284;0.03311871794871795;2
Rugby;17393;406517;0.054217581047381544;0.0521175641025641;35
Running;149677;4073557;0.4665741895261845;0.5222508974358975;42
Running apps;3783;88917;0.011792394014962593;0.011399615384615385;29
Rural;44706;1005709;0.139357855361596;0.12893705128205127;53
SUVs;185955;2942849;0.5796602244389027;0.37728833333333334;98
Sandbox Games;26285;596871;0.0819357855361596;0.07652192307692307;42
Sci-Fi Games;4531;96113;0.014124064837905237;0.012322179487179487;44
Science fiction;110099;3097123;0.34320137157107233;0.3970670512820513;26
Science fiction movies;66911;1748957;0.20857543640897755;0.22422525641025642;31
Second-hand;234651;4092388;0.7314557356608479;0.5246651282051282;97
Security;77894;1477648;0.24281172069825435;0.18944205128205127;84
Sedans;166250;2614293;0.5182356608478803;0.33516576923076924;97
Serie A;29597;652816;0.09225997506234414;0.08369435897435898;50
Shoes;200710;5175816;0.6256546134663342;0.6635661538461538;69
Short movies;25997;647223;0.08103802992518704;0.0829773076923077;28
Simulation Games;90527;2104441;0.28219139650872815;0.2698001282051282;64
Singers;53404;1516169;0.1664713216957606;0.19438064102564104;12
Skateboard;51402;1235491;0.16023067331670823;0.15839628205128206;41
Skin & Cosmetics;209109;5781870;0.6518360349127182;0.7412653846153846;52
Small enterprises (11-100 employees);20144;657438;0.0627930174563591;0.08428692307692308;1
Smart devices;206741;3952426;0.6444544887780549;0.5067212820512821;95
Smartphones;226604;7638444;0.7063715710723192;0.9792876923076923;3
Sneaker;71582;2036550;0.2231359102244389;0.26109615384615387;16
Social issues conscious;231655;5768099;0.7221165835411472;0.7394998717948718;78
Social movement;52540;1182252;0.1637780548628429;0.15157076923076923;57
Social networks;233588;6636236;0.728142144638404;0.8507994871794872;48
Soda;43944;988639;0.13698254364089776;0.12674858974358974;52
Soft Mobility;191144;3537658;0.5958354114713217;0.45354589743589746;95
Soft drinks;210083;4833008;0.6548721945137157;0.6196164102564102;85
Something New;157624;3502777;0.49134663341645884;0.44907397435897434;82
Soul Music;49967;1413341;0.1557574812967581;0.1811975641025641;12
Sparkling water;16131;360133;0.050283665835411474;0.04617089743589744;40
Spice;8667;203151;0.027016832917705735;0.026045;31
Sport;206411;4694209;0.6434258104738154;0.6018216666666667;86
Sport Federations;124622;2926080;0.3884725685785536;0.37513846153846153;70
Sport Games;59815;1411341;0.1864557356608479;0.18094115384615383;49
Sport Media;21625;540692;0.06740960099750623;0.06931948717948717;25
Sport brands;155735;4029743;0.4854582294264339;0.5166337179487179;59
Sport clothing;196158;4497334;0.6114650872817955;0.576581282051282;83
Sport equipments;114301;2814208;0.3562998753117207;0.36079589743589746;59
Sport exercises;41483;1066859;0.12931109725685785;0.13677679487179487;27
Sport food;52966;1367953;0.16510598503740648;0.17537858974358975;29
Sport organizations;148642;3514911;0.4633478802992519;0.4506296153846154;74
Sports tracker;46721;1074898;0.14563902743142146;0.1378074358974359;49
Startup;127240;2735490;0.39663341645885286;0.35070384615384614;81
Startup investment;139875;3091413;0.4360193266832918;0.396335;80
State Institutions;52696;1222424;0.1642643391521197;0.15672102564102564;50
Stationery;70902;1715105;0.22101620947630923;0.2198852564102564;47
Statue;54953;1306625;0.1712998753117207;0.16751602564102563;45
Stock market & trading;138901;2971368;0.4329831670822943;0.3809446153846154;83
Story;87193;2154906;0.27179862842892766;0.27627;48
Strategy games;103036;2801592;0.3211845386533666;0.35917846153846156;33
Streaming;10114;230345;0.031527431421446386;0.029531410256410255;35
Street art;28391;730326;0.0885006234413965;0.09363153846153846;22
Student;65334;1559085;0.20365960099750624;0.19988269230769232;48
Student Loans;1207;24914;0.0037624688279301747;0.003194102564102564;47
Surfwear;17755;442309;0.055346009975062345;0.05670628205128205;24
Sustainability;242290;6074735;0.7552680798004987;0.7788121794871795;79
TV;183919;4070151;0.5733135910224438;0.5218142307692307;86
TV channels;154944;3911678;0.4829925187032419;0.5014971794871795;64
TV hosts;14719;389285;0.04588216957605985;0.04990833333333333;14
TV series;48729;1371095;0.15189837905236908;0.17578141025641025;13
Tablet;240148;6374982;0.7485910224438903;0.8173053846153846;69
Tabletop Role-Playing Games;12168;382071;0.037930174563591025;0.04898346153846154;2
Tattoos;86414;2292953;0.26937032418952617;0.29396833333333333;34
Tea;81032;2102794;0.2525935162094763;0.26958897435897433;36
Team sport;213467;4862875;0.6654208229426434;0.6234455128205129;87
Technological convenience;234823;6859908;0.7319918952618454;0.8794753846153847;38
Technology;40415;879576;0.12598192019950125;0.11276615384615385;58
Telecommunication;82148;1815007;0.256072319201995;0.23269320512820513;69
Tennis;125352;2934001;0.39074812967581046;0.37615397435897435;71
Tennis players;11640;264395;0.03628428927680798;0.03389679487179487;37
Theatre;138594;4062921;0.4320261845386534;0.5208873076923077;21
Theme parks;139052;3739415;0.43345386533665836;0.4794121794871795;42
Thriller movies;70410;1949043;0.21948254364089775;0.2498773076923077;20
Toiletries;61998;1694084;0.19326059850374064;0.2171902564102564;21
Toys;80203;2225631;0.2500093516209476;0.2853373076923077;22
Traditional Events;30424;867153;0.09483790523690773;0.11117346153846154;8
Traditions & Celebrations;206068;5223106;0.6423566084788029;0.6696289743589744;73
Transporters;65159;1050617;0.20311408977556109;0.13469448717948718;91
Travellers;167467;5414336;0.5220293017456359;0.694145641025641;6
Turkey;6488;162760;0.02022443890274314;0.020866666666666665;20
Tutorials;19472;599245;0.06069825436408977;0.07682628205128206;3
Tyre;101052;1763280;0.315;0.22606153846153845;92
Urban activities;219066;5763369;0.6828740648379052;0.7388934615384616;67
Used Car;3038;49971;0.00947007481296758;0.006406538461538462;78
Vacation rentals;194057;3946866;0.6049158354114713;0.5060084615384616;92
Veterinary;46535;1320831;0.14505922693266832;0.1693373076923077;11
Vintage;198851;3989178;0.6198597256857855;0.5114330769230769;93
Volleyball;53667;1366784;0.16729114713216958;0.17522871794871794;33
War movies;24846;574526;0.0774501246882793;0.07365717948717948;38
Waste management;96501;1951760;0.30081359102244387;0.25022564102564104;82
Watches;140635;3318634;0.43838840399002493;0.4254658974358974;73
Water;96172;2148877;0.29978802992518705;0.27549705128205126;72
Water sport;171841;4094831;0.5356639650872818;0.5249783333333333;76
Wealth Management;88915;2072949;0.27716645885286784;0.2657626923076923;62
Wearable device;74097;1681656;0.23097568578553615;0.21559692307692307;62
Wedding;141608;4095591;0.4414214463840399;0.5250757692307693;25
Weight Loss;7866;172070;0.02451995012468828;0.02206025641025641;40
Well-being;234723;6752635;0.731680174563591;0.8657224358974359;44
Werstern movies;13173;319257;0.04106296758104738;0.04093038461538462;28
Wildlife;97008;2407795;0.3023940149625935;0.30869166666666664;51
Women's Shoes and Footwear;23361;691449;0.072821072319202;0.08864730769230769;5
Women's clothing;11514;233387;0.03589152119700748;0.029921410256410257;58
World Cuisine;142279;3664910;0.44351309226932667;0.4698602564102564;56
Writers;10877;315940;0.03390586034912718;0.04050512820512821;5
Writing;30114;902783;0.09387157107231921;0.11574141025641026;4
Xbox;52477;1190472;0.16358167082294264;0.1526246153846154;55
Young Kids;69534;1905636;0.21675187032418952;0.2443123076923077;22
Youtubers;204719;4679275;0.6381514962593516;0.5999070512820512;85
art (instruments);156800;4479235;0.48877805486284287;0.5742608974358975;32
comparator;123738;3135481;0.385716957605985;0.40198474358974357;54
eSports;4031;93168;0.012565461346633416;0.011944615384615385;31
goal SD/UN 4 - Quality education;129553;3307997;0.4038435162094763;0.4241021794871795;54
iOS;147606;4270088;0.4601184538653367;0.5474471794871795;28
lifestyle;184201;4072640;0.5741926433915212;0.5221333333333333;87
low buying power;80550;1848385;0.25109102244389025;0.23697243589743588;63
sport events;145324;3588425;0.4530049875311721;0.46005448717948716;66
voluntary Organization;78716;1924525;0.24537406483790525;0.24673397435897437;47